Sticker Label,Equipment Name,Category,Home Venue
XLR 10 MTR #045,XLR 10 MTR,CABLES & SNAKES,Tata Theatre
XLR 10 MTR #046,XLR 10 MTR,CABLES & SNAKES,Tata Theatre
XLR 10 MTR #047,XLR 10 MTR,CABLES & SNAKES,Tata Theatre
XLR 10 MTR #048,XLR 10 MTR,CABLES & SNAKES,Tata Theatre
XLR 10 MTR #049,XLR 10 MTR,CABLES & SNAKES,Tata Theatre
XLR 10 MTR #050,XLR 10 MTR,CABLES & SNAKES,Tata Theatre
XLR 10 MTR #051,XLR 10 MTR,CABLES & SNAKES,Tata Theatre
XLR 10 MTR #052,XLR 10 MTR,CABLES & SNAKES,Tata Theatre
XLR 10 MTR #053,XLR 10 MTR,CABLES & SNAKES,Tata Theatre
XLR 10 MTR #054,XLR 10 MTR,CABLES & SNAKES,Tata Theatre
XLR 10 MTR #055,XLR 10 MTR,CABLES & SNAKES,Tata Theatre
XLR 10 MTR #056,XLR 10 MTR,CABLES & SNAKES,Tata Theatre
XLR 10 MTR #057,XLR 10 MTR,CABLES & SNAKES,Tata Theatre
XLR 10 MTR #058,XLR 10 MTR,CABLES & SNAKES,Tata Theatre
XLR 10 MTR #059,XLR 10 MTR,CABLES & SNAKES,Tata Theatre
XLR 10 MTR #060,XLR 10 MTR,CABLES & SNAKES,Tata Theatre
XLR 10 MTR #061,XLR 10 MTR,CABLES & SNAKES,Tata Theatre
XLR 10 MTR #062,XLR 10 MTR,CABLES & SNAKES,Tata Theatre
XLR 10 MTR #063,XLR 10 MTR,CABLES & SNAKES,Tata Theatre
XLR 10 MTR #064,XLR 10 MTR,CABLES & SNAKES,Tata Theatre
XLR 10 MTR #065,XLR 10 MTR,CABLES & SNAKES,Tata Theatre
XLR 10 MTR #066,XLR 10 MTR,CABLES & SNAKES,Tata Theatre
XLR 10 MTR #067,XLR 10 MTR,CABLES & SNAKES,Tata Theatre
XLR 10 MTR #068,XLR 10 MTR,CABLES & SNAKES,Tata Theatre
XLR 10 MTR #069,XLR 10 MTR,CABLES & SNAKES,Experimental Theatre
XLR 10 MTR #070,XLR 10 MTR,CABLES & SNAKES,Experimental Theatre
XLR 10 MTR #071,XLR 10 MTR,CABLES & SNAKES,Experimental Theatre
XLR 10 MTR #072,XLR 10 MTR,CABLES & SNAKES,Experimental Theatre
XLR 10 MTR #073,XLR 10 MTR,CABLES & SNAKES,Experimental Theatre
XLR 10 MTR #074,XLR 10 MTR,CABLES & SNAKES,Experimental Theatre
XLR 10 MTR #075,XLR 10 MTR,CABLES & SNAKES,Experimental Theatre
XLR 10 MTR #076,XLR 10 MTR,CABLES & SNAKES,Experimental Theatre
XLR 10 MTR #077,XLR 10 MTR,CABLES & SNAKES,Experimental Theatre
XLR 10 MTR #078,XLR 10 MTR,CABLES & SNAKES,Experimental Theatre
XLR 10 MTR #079,XLR 10 MTR,CABLES & SNAKES,Experimental Theatre
XLR 10 MTR #080,XLR 10 MTR,CABLES & SNAKES,Experimental Theatre
XLR 10 MTR #081,XLR 10 MTR,CABLES & SNAKES,Experimental Theatre
XLR 10 MTR #082,XLR 10 MTR,CABLES & SNAKES,Experimental Theatre
XLR 10 MTR #083,XLR 10 MTR,CABLES & SNAKES,Experimental Theatre
XLR 10 MTR #084,XLR 10 MTR,CABLES & SNAKES,Experimental Theatre
XLR 10 MTR #085,XLR 10 MTR,CABLES & SNAKES,Experimental Theatre
XLR 10 MTR #086,XLR 10 MTR,CABLES & SNAKES,Experimental Theatre
XLR 10 MTR #087,XLR 10 MTR,CABLES & SNAKES,Experimental Theatre
XLR 10 MTR #088,XLR 10 MTR,CABLES & SNAKES,Experimental Theatre
XLR 10 MTR #089,XLR 10 MTR,CABLES & SNAKES,Experimental Theatre
XLR 10 MTR #090,XLR 10 MTR,CABLES & SNAKES,Experimental Theatre
XLR 10 MTR #091,XLR 10 MTR,CABLES & SNAKES,Experimental Theatre
XLR 10 MTR #092,XLR 10 MTR,CABLES & SNAKES,Experimental Theatre
XLR 10 MTR #093,XLR 10 MTR,CABLES & SNAKES,Experimental Theatre
XLR 10 MTR #094,XLR 10 MTR,CABLES & SNAKES,Experimental Theatre
XLR 10 MTR #095,XLR 10 MTR,CABLES & SNAKES,Experimental Theatre
XLR 10 MTR #096,XLR 10 MTR,CABLES & SNAKES,Little Theatre
XLR 10 MTR #097,XLR 10 MTR,CABLES & SNAKES,Little Theatre
XLR 10 MTR #098,XLR 10 MTR,CABLES & SNAKES,Little Theatre
XLR 10 MTR #099,XLR 10 MTR,CABLES & SNAKES,Little Theatre
XLR 10 MTR #100,XLR 10 MTR,CABLES & SNAKES,Little Theatre
XLR 10 MTR #101,XLR 10 MTR,CABLES & SNAKES,Little Theatre
XLR 10 MTR #102,XLR 10 MTR,CABLES & SNAKES,Little Theatre
XLR 10 MTR #103,XLR 10 MTR,CABLES & SNAKES,Godrej Dance Theatre
XLR 10 MTR #104,XLR 10 MTR,CABLES & SNAKES,Godrej Dance Theatre
XLR 10 MTR #105,XLR 10 MTR,CABLES & SNAKES,Godrej Dance Theatre
XLR 10 MTR #106,XLR 10 MTR,CABLES & SNAKES,Godrej Dance Theatre
XLR 10 MTR #107,XLR 10 MTR,CABLES & SNAKES,Godrej Dance Theatre
XLR 10 MTR #108,XLR 10 MTR,CABLES & SNAKES,Godrej Dance Theatre
XLR 10 MTR #109,XLR 10 MTR,CABLES & SNAKES,Godrej Dance Theatre
XLR 10 MTR #110,XLR 10 MTR,CABLES & SNAKES,Godrej Dance Theatre
XLR 10 MTR #111,XLR 10 MTR,CABLES & SNAKES,Godrej Dance Theatre
XLR 10 MTR #112,XLR 10 MTR,CABLES & SNAKES,Godrej Dance Theatre
XLR 30 MTR #001,XLR 30 MTR,CABLES & SNAKES,Tata Theatre
XLR 30 MTR #002,XLR 30 MTR,CABLES & SNAKES,Tata Theatre
XLR 30 MTR #003,XLR 30 MTR,CABLES & SNAKES,Tata Theatre
XLR 5 MTR #001,XLR 5 MTR,CABLES & SNAKES,JBT Theatre
XLR 5 MTR #002,XLR 5 MTR,CABLES & SNAKES,JBT Theatre
XLR 5 MTR #003,XLR 5 MTR,CABLES & SNAKES,JBT Theatre
XLR 5 MTR #004,XLR 5 MTR,CABLES & SNAKES,JBT Theatre
XLR 5 MTR #005,XLR 5 MTR,CABLES & SNAKES,JBT Theatre
XLR 5 MTR #006,XLR 5 MTR,CABLES & SNAKES,JBT Theatre
XLR 5 MTR #007,XLR 5 MTR,CABLES & SNAKES,JBT Theatre
XLR 5 MTR #008,XLR 5 MTR,CABLES & SNAKES,JBT Theatre
XLR 5 MTR #009,XLR 5 MTR,CABLES & SNAKES,JBT Theatre
XLR 5 MTR #010,XLR 5 MTR,CABLES & SNAKES,JBT Theatre
XLR 5 MTR #011,XLR 5 MTR,CABLES & SNAKES,JBT Theatre
XLR 5 MTR #012,XLR 5 MTR,CABLES & SNAKES,JBT Theatre
XLR 5 MTR #013,XLR 5 MTR,CABLES & SNAKES,JBT Theatre
XLR 5 MTR #014,XLR 5 MTR,CABLES & SNAKES,JBT Theatre
XLR 5 MTR #015,XLR 5 MTR,CABLES & SNAKES,JBT Theatre
XLR 5 MTR #016,XLR 5 MTR,CABLES & SNAKES,JBT Theatre
XLR 5 MTR #017,XLR 5 MTR,CABLES & SNAKES,Tata Theatre
XLR 5 MTR #018,XLR 5 MTR,CABLES & SNAKES,Tata Theatre
XLR 5 MTR #019,XLR 5 MTR,CABLES & SNAKES,Tata Theatre
XLR 5 MTR #020,XLR 5 MTR,CABLES & SNAKES,Tata Theatre
XLR 5 MTR #021,XLR 5 MTR,CABLES & SNAKES,Tata Theatre
XLR 5 MTR #022,XLR 5 MTR,CABLES & SNAKES,Tata Theatre
XLR 5 MTR #023,XLR 5 MTR,CABLES & SNAKES,Tata Theatre
XLR 5 MTR #024,XLR 5 MTR,CABLES & SNAKES,Tata Theatre
XLR 5 MTR #025,XLR 5 MTR,CABLES & SNAKES,Tata Theatre
XLR 5 MTR #026,XLR 5 MTR,CABLES & SNAKES,Tata Theatre
XLR 5 MTR #027,XLR 5 MTR,CABLES & SNAKES,Tata Theatre
XLR 5 MTR #028,XLR 5 MTR,CABLES & SNAKES,Tata Theatre
XLR 5 MTR #029,XLR 5 MTR,CABLES & SNAKES,Tata Theatre
XLR 5 MTR #030,XLR 5 MTR,CABLES & SNAKES,Tata Theatre
XLR 5 MTR #031,XLR 5 MTR,CABLES & SNAKES,Tata Theatre
XLR 5 MTR #032,XLR 5 MTR,CABLES & SNAKES,Tata Theatre
XLR 5 MTR #033,XLR 5 MTR,CABLES & SNAKES,Tata Theatre
XLR 5 MTR #034,XLR 5 MTR,CABLES & SNAKES,Tata Theatre
XLR 5 MTR #035,XLR 5 MTR,CABLES & SNAKES,Tata Theatre
XLR 5 MTR #036,XLR 5 MTR,CABLES & SNAKES,Tata Theatre
XLR 5 MTR #037,XLR 5 MTR,CABLES & SNAKES,Experimental Theatre
XLR 5 MTR #038,XLR 5 MTR,CABLES & SNAKES,Experimental Theatre
XLR 5 MTR #039,XLR 5 MTR,CABLES & SNAKES,Experimental Theatre
XLR 5 MTR #040,XLR 5 MTR,CABLES & SNAKES,Experimental Theatre
XLR 5 MTR #041,XLR 5 MTR,CABLES & SNAKES,Experimental Theatre
XLR 5 MTR #042,XLR 5 MTR,CABLES & SNAKES,Experimental Theatre
XLR 5 MTR #043,XLR 5 MTR,CABLES & SNAKES,Experimental Theatre
XLR 5 MTR #044,XLR 5 MTR,CABLES & SNAKES,Experimental Theatre
XLR 5 MTR #045,XLR 5 MTR,CABLES & SNAKES,Experimental Theatre
XLR 5 MTR #046,XLR 5 MTR,CABLES & SNAKES,Experimental Theatre
XLR 5 MTR #047,XLR 5 MTR,CABLES & SNAKES,Experimental Theatre
XLR 5 MTR #048,XLR 5 MTR,CABLES & SNAKES,Experimental Theatre
XLR 5 MTR #049,XLR 5 MTR,CABLES & SNAKES,Experimental Theatre
XLR 5 MTR #050,XLR 5 MTR,CABLES & SNAKES,Experimental Theatre
XLR 5 MTR #051,XLR 5 MTR,CABLES & SNAKES,Experimental Theatre
XLR 5 MTR #052,XLR 5 MTR,CABLES & SNAKES,Little Theatre
XLR 5 MTR #053,XLR 5 MTR,CABLES & SNAKES,Little Theatre
XLR 5 MTR #054,XLR 5 MTR,CABLES & SNAKES,Little Theatre
XLR 5 MTR #055,XLR 5 MTR,CABLES & SNAKES,Little Theatre
XLR 5 MTR #056,XLR 5 MTR,CABLES & SNAKES,Godrej Dance Theatre
XLR 5 MTR #057,XLR 5 MTR,CABLES & SNAKES,Godrej Dance Theatre
ALT AIR  CLEAR COM #001,ALT AIR  CLEAR COM,COMMS & HEADPHONES,JBT Theatre
ALT AIR  CLEAR COM #002,ALT AIR  CLEAR COM,COMMS & HEADPHONES,JBT Theatre
ALT AIR  CLEAR COM #003,ALT AIR  CLEAR COM,COMMS & HEADPHONES,JBT Theatre
ALT AIR  CLEAR COM #004,ALT AIR  CLEAR COM,COMMS & HEADPHONES,JBT Theatre
ALT AIR  CLEAR COM #005,ALT AIR  CLEAR COM,COMMS & HEADPHONES,JBT Theatre
ALT AIR  CLEAR COM #006,ALT AIR  CLEAR COM,COMMS & HEADPHONES,JBT Theatre
ALT AIR  CLEAR COM #007,ALT AIR  CLEAR COM,COMMS & HEADPHONES,JBT Theatre
ALT AIR  CLEAR COM #008,ALT AIR  CLEAR COM,COMMS & HEADPHONES,Tata Theatre
ALT AIR  CLEAR COM #009,ALT AIR  CLEAR COM,COMMS & HEADPHONES,Tata Theatre
ALT AIR  CLEAR COM #010,ALT AIR  CLEAR COM,COMMS & HEADPHONES,Tata Theatre
ALT AIR  CLEAR COM #011,ALT AIR  CLEAR COM,COMMS & HEADPHONES,Tata Theatre
ALT AIR  CLEAR COM #012,ALT AIR  CLEAR COM,COMMS & HEADPHONES,Tata Theatre
ALT AIR  CLEAR COM #013,ALT AIR  CLEAR COM,COMMS & HEADPHONES,Tata Theatre
ALT AIR  CLEAR COM #014,ALT AIR  CLEAR COM,COMMS & HEADPHONES,Tata Theatre
SENNHEISER HEADPHONE HD 200 #001,SENNHEISER HEADPHONE HD 200,COMMS & HEADPHONES,Office Store
SENNHEISER HEADPHONE HD 200 #002,SENNHEISER HEADPHONE HD 200,COMMS & HEADPHONES,Office Store
SENNHEISER HEADPHONE HD 200 #003,SENNHEISER HEADPHONE HD 200,COMMS & HEADPHONES,Office Store
3 PHASE ELECTRICAL DISTRIBUTION RACK #001,3 PHASE ELECTRICAL DISTRIBUTION RACK,POWER & UPS,JBT Theatre
3 PHASE ELECTRICAL DISTRIBUTION RACK #002,3 PHASE ELECTRICAL DISTRIBUTION RACK,POWER & UPS,Tata Theatre
APC UPS #001,APC UPS,POWER & UPS,JBT Theatre
APC UPS #002,APC UPS,POWER & UPS,JBT Theatre
APC UPS #003,APC UPS,POWER & UPS,JBT Theatre
APC UPS #004,APC UPS,POWER & UPS,Tata Theatre
APC UPS #005,APC UPS,POWER & UPS,Tata Theatre
APC UPS #006,APC UPS,POWER & UPS,Experimental Theatre
APC UPS #007,APC UPS,POWER & UPS,Little Theatre
ELECTRICAL POWER BOARD #001,ELECTRICAL POWER BOARD,POWER & UPS,JBT Theatre
ELECTRICAL POWER BOARD #002,ELECTRICAL POWER BOARD,POWER & UPS,JBT Theatre
ELECTRICAL POWER BOARD #003,ELECTRICAL POWER BOARD,POWER & UPS,JBT Theatre
ELECTRICAL POWER BOARD #004,ELECTRICAL POWER BOARD,POWER & UPS,JBT Theatre
ELECTRICAL POWER BOARD #005,ELECTRICAL POWER BOARD,POWER & UPS,JBT Theatre
ELECTRICAL POWER BOARD #006,ELECTRICAL POWER BOARD,POWER & UPS,JBT Theatre
ELECTRICAL POWER BOARD #007,ELECTRICAL POWER BOARD,POWER & UPS,JBT Theatre
ELECTRICAL POWER BOARD #008,ELECTRICAL POWER BOARD,POWER & UPS,JBT Theatre
ELECTRICAL POWER BOARD #009,ELECTRICAL POWER BOARD,POWER & UPS,JBT Theatre
ELECTRICAL POWER BOARD #010,ELECTRICAL POWER BOARD,POWER & UPS,JBT Theatre
ELECTRICAL POWER BOARD #011,ELECTRICAL POWER BOARD,POWER & UPS,JBT Theatre
ELECTRICAL POWER BOARD #012,ELECTRICAL POWER BOARD,POWER & UPS,JBT Theatre
ELECTRICAL POWER BOARD #013,ELECTRICAL POWER BOARD,POWER & UPS,Tata Theatre
ELECTRICAL POWER BOARD #014,ELECTRICAL POWER BOARD,POWER & UPS,Tata Theatre
ELECTRICAL POWER BOARD #015,ELECTRICAL POWER BOARD,POWER & UPS,Tata Theatre
ELECTRICAL POWER BOARD #016,ELECTRICAL POWER BOARD,POWER & UPS,Tata Theatre
ELECTRICAL POWER BOARD #017,ELECTRICAL POWER BOARD,POWER & UPS,Tata Theatre
ELECTRICAL POWER BOARD #018,ELECTRICAL POWER BOARD,POWER & UPS,Tata Theatre
ELECTRICAL POWER BOARD #019,ELECTRICAL POWER BOARD,POWER & UPS,Tata Theatre
ELECTRICAL POWER BOARD #020,ELECTRICAL POWER BOARD,POWER & UPS,Tata Theatre
ELECTRICAL POWER BOARD #021,ELECTRICAL POWER BOARD,POWER & UPS,Tata Theatre
ELECTRICAL POWER BOARD #022,ELECTRICAL POWER BOARD,POWER & UPS,Tata Theatre
ELECTRICAL POWER BOARD #023,ELECTRICAL POWER BOARD,POWER & UPS,Tata Theatre
ELECTRICAL POWER BOARD #024,ELECTRICAL POWER BOARD,POWER & UPS,Experimental Theatre
ELECTRICAL POWER BOARD #025,ELECTRICAL POWER BOARD,POWER & UPS,Experimental Theatre
ELECTRICAL POWER BOARD #026,ELECTRICAL POWER BOARD,POWER & UPS,Experimental Theatre
ELECTRICAL POWER BOARD #027,ELECTRICAL POWER BOARD,POWER & UPS,Experimental Theatre
ELECTRICAL POWER BOARD #028,ELECTRICAL POWER BOARD,POWER & UPS,Experimental Theatre
ELECTRICAL POWER BOARD #029,ELECTRICAL POWER BOARD,POWER & UPS,Experimental Theatre
ELECTRICAL POWER BOARD #030,ELECTRICAL POWER BOARD,POWER & UPS,Experimental Theatre
ELECTRICAL POWER BOARD #031,ELECTRICAL POWER BOARD,POWER & UPS,Experimental Theatre
ELECTRICAL POWER BOARD #032,ELECTRICAL POWER BOARD,POWER & UPS,Experimental Theatre
ELECTRICAL POWER BOARD #033,ELECTRICAL POWER BOARD,POWER & UPS,Experimental Theatre
ELECTRICAL POWER BOARD #034,ELECTRICAL POWER BOARD,POWER & UPS,Experimental Theatre
ELECTRICAL POWER BOARD #035,ELECTRICAL POWER BOARD,POWER & UPS,Little Theatre
ELECTRICAL POWER BOARD #036,ELECTRICAL POWER BOARD,POWER & UPS,Little Theatre
ELECTRICAL POWER BOARD #037,ELECTRICAL POWER BOARD,POWER & UPS,Little Theatre
ELECTRICAL POWER BOARD #038,ELECTRICAL POWER BOARD,POWER & UPS,Little Theatre
